ws_bytes,stride_elems,page_span,huge,repetition,sec,GBps_effective
1073741824,15361,16,0,0,0.004168,2576.024834
1073741824,15361,16,0,1,0.003360,3195.994495
1073741824,15361,16,0,2,0.003314,3240.346270
1073741824,15361,16,0,3,0.004250,2526.375170
1073741824,15361,16,0,4,0.003507,3061.536477
